<profile version="1.0">
  <option name="myName" value="Project Default" />
  <inspection_tool class="IncorrectFormatting" enabled="true" level="WARNING" enabled_by_default="true" editorAttributes="WARNING_ATTRIBUTES" />
  <inspection_tool class="LongLine" enabled="true" level="WARNING" enabled_by_default="true" />
  <inspection_tool class="ProblematicWhitespace" enabled="true" level="WARNING" enabled_by_default="true" />
  <inspection_tool class="PyAbstractClassInspection" enabled="true" level="WARNING" enabled_by_default="true" editorAttributes="WARNING_ATTRIBUTES" />
  <inspection_tool class="PyAssignmentToLoopOrWithParameterInspection" enabled="true" level="WARNING" enabled_by_default="true" editorAttributes="WARNING_ATTRIBUTES" />
  <inspection_tool class="PyAttributeOutsideInitInspection" enabled="true" level="WARNING" enabled_by_default="true" editorAttributes="WARNING_ATTRIBUTES" />
  <inspection_tool class="PyBroadExceptionInspection" enabled="true" level="WARNING" enabled_by_default="true" editorAttributes="WARNING_ATTRIBUTES" />
  <inspection_tool class="PyCallingNonCallableInspection" enabled="true" level="WARNING" enabled_by_default="true" editorAttributes="WARNING_ATTRIBUTES" />
  <inspection_tool class="PyChainedComparisonsInspection" enabled="true" level="WARNING" enabled_by_default="true" editorAttributes="WARNING_ATTRIBUTES" />
  <inspection_tool class="PyComparisonWithNoneInspection" enabled="true" level="ERROR" enabled_by_default="true" editorAttributes="ERRORS_ATTRIBUTES" />
  <inspection_tool class="PyCompatibilityInspection" enabled="true" level="ERROR" enabled_by_default="true" editorAttributes="ERRORS_ATTRIBUTES">
    <option name="ourVersions">
      <value>
        <list size="4">
          <item index="0" class="java.lang.String" itemvalue="3.12" />
          <item index="1" class="java.lang.String" itemvalue="3.11" />
          <item index="2" class="java.lang.String" itemvalue="3.10" />
          <item index="3" class="java.lang.String" itemvalue="3.13" />
        </list>
      </value>
    </option>
  </inspection_tool>
  <inspection_tool class="PyDefaultArgumentInspection" enabled="true" level="ERROR" enabled_by_default="true" editorAttributes="ERRORS_ATTRIBUTES" />
  <inspection_tool class="PyDocstringTypesInspection" enabled="true" level="WARNING" enabled_by_default="true" editorAttributes="WARNING_ATTRIBUTES" />
  <inspection_tool class="PyIncorrectDocstringInspection" enabled="true" level="WARNING" enabled_by_default="true" editorAttributes="WARNING_ATTRIBUTES" />
  <inspection_tool class="PyMethodMayBeStaticInspection" enabled="true" level="WARNING" enabled_by_default="true" editorAttributes="WARNING_ATTRIBUTES" />
  <inspection_tool class="PyMethodParametersInspection" enabled="true" level="WARNING" enabled_by_default="true" editorAttributes="WARNING_ATTRIBUTES" />
  <inspection_tool class="PyMissingOrEmptyDocstringInspection" enabled="true" level="WARNING" enabled_by_default="true" editorAttributes="WARNING_ATTRIBUTES" />
  <inspection_tool class="PyMissingTypeHintsInspection" enabled="true" level="WARNING" enabled_by_default="true" editorAttributes="WARNING_ATTRIBUTES">
    <option name="m_onlyWhenTypesAreKnown" value="false" />
  </inspection_tool>
  <inspection_tool class="PyNestedDecoratorsInspection" enabled="true" level="WARNING" enabled_by_default="true" editorAttributes="WARNING_ATTRIBUTES" />
  <inspection_tool class="PyNoneFunctionAssignmentInspection" enabled="true" level="WARNING" enabled_by_default="true" editorAttributes="WARNING_ATTRIBUTES" />
  <inspection_tool class="PyPep8Inspection" enabled="true" level="WARNING" enabled_by_default="true" editorAttributes="WARNING_ATTRIBUTES">
    <option name="ignoredErrors">
      <list>
        <option value="E111" />
        <option value="E731" />
        <option value="W292" />
        <option value="E203" />
        <option value="E114" />
        <option value="E129" />
        <option value="E266" />
      </list>
    </option>
  </inspection_tool>
  <inspection_tool class="PyPep8NamingInspection" enabled="true" level="WARNING" enabled_by_default="true" editorAttributes="WARNING_ATTRIBUTES">
    <option name="ignoredErrors">
      <list>
        <option value="N806" />
        <option value="N802" />
        <option value="N803" />
        <option value="N812" />
      </list>
    </option>
  </inspection_tool>
  <inspection_tool class="PyProtectedMemberInspection" enabled="true" level="WARNING" enabled_by_default="true" editorAttributes="WARNING_ATTRIBUTES">
    <option name="ignoreAnnotations" value="true" />
  </inspection_tool>
  <inspection_tool class="PyRedundantParenthesesInspection" enabled="true" level="WARNING" enabled_by_default="true" editorAttributes="WARNING_ATTRIBUTES">
    <option name="myIgnorePercOperator" value="true" />
    <option name="myIgnoreTupleInReturn" value="true" />
    <option name="myIgnoreEmptyBaseClasses" value="true" />
  </inspection_tool>
  <inspection_tool class="PyRelativeImportInspection" enabled="true" level="WARNING" enabled_by_default="true" editorAttributes="WARNING_ATTRIBUTES" />
  <inspection_tool class="PyShadowingBuiltinsInspection" enabled="true" level="WARNING" enabled_by_default="true" editorAttributes="WARNING_ATTRIBUTES" />
  <inspection_tool class="PyShadowingNamesInspection" enabled="true" level="WARNING" enabled_by_default="true" editorAttributes="WARNING_ATTRIBUTES" />
  <inspection_tool class="PySimplifyBooleanCheckInspection" enabled="true" level="WARNING" enabled_by_default="true" editorAttributes="WARNING_ATTRIBUTES" />
  <inspection_tool class="PySingleQuotedDocstringInspection" enabled="true" level="ERROR" enabled_by_default="true" editorAttributes="ERRORS_ATTRIBUTES" />
  <inspection_tool class="PyUnusedLocalInspection" enabled="false" level="WARNING" enabled_by_default="false" editorAttributes="WARNING_ATTRIBUTES" />
  <inspection_tool class="TaskProblemsInspection" enabled="true" level="WARNING" enabled_by_default="true" editorAttributes="WARNING_ATTRIBUTES" />
</profile>