<keymap version="1" name="KDE copy" parent="Default for KDE">
  <action id="$Redo">
    <keyboard-shortcut first-keystroke="shift ctrl z" />
    <keyboard-shortcut first-keystroke="shift alt back_space" />
    <keyboard-shortcut first-keystroke="ctrl y" />
  </action>
  <action id="Arrangement.Rule.Edit" />
  <action id="BookmarksView.Rename" />
  <action id="ChangesView.Rename">
    <keyboard-shortcut first-keystroke="shift f6" />
  </action>
  <action id="CopyElement" />
  <action id="EditBookmark">
    <keyboard-shortcut first-keystroke="f2" />
  </action>
  <action id="Editor Redo">
    <keyboard-shortcut first-keystroke="ctrl y" />
  </action>
  <action id="EditorDeleteLine" />
  <action id="Git.Rename.Local.Branch">
    <keyboard-shortcut first-keystroke="shift f6" />
  </action>
  <action id="Git.Reword.Commit">
    <keyboard-shortcut first-keystroke="shift f6" />
  </action>
  <action id="GotoNextError" />
  <action id="RenameElement">
    <keyboard-shortcut first-keystroke="shift f6" />
    <keyboard-shortcut first-keystroke="f2" />
  </action>
  <action id="RenameFile">
    <keyboard-shortcut first-keystroke="f2" />
  </action>
  <action id="RenameProject">
    <keyboard-shortcut first-keystroke="f2" />
  </action>
  <action id="Run">
    <keyboard-shortcut first-keystroke="shift f10" />
    <keyboard-shortcut first-keystroke="f5" />
  </action>
  <action id="ShelvedChanges.Rename">
    <keyboard-shortcut first-keystroke="shift f6" />
  </action>
  <action id="Table-startEditing" />
  <action id="Tree-startEditing" />
  <action id="XDebugger.SetValue" />
</keymap>